{"stats":{"minecraft:used":{"minecraft:trident":55,"minecraft:iron_shovel":502,"minecraft:stone_shovel":59,"minecraft:spruce_planks":16,"minecraft:torch":42,"paraglider:goddess_statue":1,"minecraft:dirt":198,"minecraft:spyglass":57,"minecraft:anvil":2,"epicfight:sanji":66,"minecraft:lava_bucket":4,"quark:spruce_chest":18,"minecraft:bow":26,"epicfight:infernal_gainer":21,"minecraft:furnace":6,"untamedwilds:material_fat":4,"minecraft:cooked_beef":11,"minecraft:cobbled_deepslate":149,"minecraft:light_gray_bed":2,"minecraft:cooked_mutton":12,"epicfight:skillbook":5,"minecraft:spruce_door":4,"minecraft:stone_pickaxe":317,"minecraft:baked_potato":1,"untamedwilds:food_bear_raw":7,"minecraft:crafting_table":1,"minecraft:crossbow":4,"minecraft:white_bed":1,"epicfight:iron_tachi":11,"minecraft:apple":15,"minecraft:bread":7,"minecraft:iron_pickaxe":252,"minecraft:deepslate":36,"minecraft:stone_axe":31,"minecraft:enchanted_book":2,"minecraft:cooked_porkchop":8,"minecraft:bucket":3,"epicfight:uchigatana":436},"minecraft:dropped":{"untamedwilds:hide_bear_white":2,"minecraft:wheat_seeds":4,"untamedwilds:material_fat":4,"minecraft:glass_bottle":2,"untamedwilds:flora_yarrow":2,"minecraft:crossbow":1,"minecraft:saddle":2,"minecraft:stick":1,"minecraft:dirt":10,"minecraft:torch":1,"hunterillager:boomerang":1,"minecraft:white_banner":2,"minecraft:string":2,"minecraft:spruce_sapling":20,"minecraft:bone":5,"minecraft:armor_stand":2,"minecraft:furnace":1,"hexerei:animal_fat":3,"hexerei:sage_seed":33,"magistuarmory:iron_claymore":1,"minecraft:coarse_dirt":2,"epicfight:uchigatana":2,"minecraft:cobbled_deepslate":2,"untamedwilds:flora_bush_temperate":1,"minecraft:birch_sapling":3,"minecraft:purple_banner":4,"minecraft:rotten_flesh":10,"minecraft:oak_planks":8,"sophisticatedbackpacks:backpack":1,"minecraft:glowstone_dust":2,"minecraft:stone_slab":5,"minecraft:chainmail_chestplate":1,"minecraft:filled_map":4,"minecraft:allium":8,"minecraft:leather_boots":1,"apotheosis:gem":1,"minecraft:acacia_sapling":1,"minecraft:leather_leggings":4,"minecraft:spruce_slab":1},"minecraft:mined":{"minecraft:spruce_planks":2,"minecraft:grass_block":324,"minecraft:light_gray_bed":2,"minecraft:large_fern":2,"minecraft:hay_block":3,"minecraft:furnace":2,"minecraft:cobbled_deepslate":5,"minecraft:iron_ore":2,"treechop:chopped_log":3,"minecraft:anvil":1,"quark:limestone":7,"minecraft:stone":136,"minecraft:iron_block":2,"minecraft:spruce_slab":1,"supplementaries:book_pile":2,"minecraft:spruce_door":1,"minecraft:torch":2,"minecraft:crafting_table":2,"untamedwilds:flora_bush_temperate":1,"minecraft:stone_slab":5,"minecraft:tall_grass":7,"minecraft:wall_torch":5,"minecraft:deepslate_copper_ore":2,"minecraft:coarse_dirt":4,"minecraft:grass":27,"minecraft:coal_ore":12,"quark:spruce_chest":5,"minecraft:gravel":1,"minecraft:dirt":252,"minecraft:fern":4,"minecraft:oak_leaves":1,"minecraft:deepslate":368,"minecraft:infested_stone":1},"minecraft:picked_up":{"bloodandmadness:twin_blood_stone_shards":1,"minecraft:crafting_table":1,"minecraft:iron_chestplate":1,"minecraft:coarse_dirt":2,"minecraft:allium":8,"minecraft:chainmail_boots":1,"minecraft:chicken":1,"minecraft:anvil":2,"minecraft:leather_leggings":4,"minecraft:lead":5,"minecraft:stone_slab":5,"minecraft:enchanted_book":5,"minecraft:string":4,"minecraft:raw_copper":8,"minecraft:iron_axe":1,"untamedwilds:food_bear_raw":7,"minecraft:iron_leggings":1,"minecraft:armor_stand":2,"minecraft:purple_banner":4,"quark:spruce_chest":5,"minecraft:cobbled_deepslate":364,"minecraft:spruce_planks":3,"minecraft:beef":1,"simple_mobs:vampire_fang":1,"minecraft:spruce_slab":1,"minecraft:light_gray_wool":2,"minecraft:birch_sapling":3,"bloodandmadness:pure_quicksilver":1,"minecraft:furnace":2,"minecraft:iron_boots":1,"minecraft:egg":2,"minecraft:stick":9,"minecraft:raw_iron":2,"apotheosis:gem":5,"minecraft:torch":15,"untamedwilds:flora_bush_temperate":1,"sophisticatedbackpacks:backpack":1,"minecraft:porkchop":18,"minecraft:trident":1,"bloodandmadness:beastblood_clump":4,"hexerei:sage_seed":34,"minecraft:stone_sword":2,"minecraft:arrow":26,"minecraft:light_gray_bed":2,"minecraft:rotten_flesh":10,"minecraft:hay_block":2,"minecraft:iron_block":2,"minecraft:saddle":4,"bloodandmadness:siderite_nugget":2,"minecraft:mutton":13,"untamedwilds:flora_yarrow":2,"bloodandmadness:blood_stone_shard":2,"minecraft:white_wool":7,"minecraft:cobblestone":136,"minecraft:leather_chestplate":1,"minecraft:air":0,"minecraft:feather":1,"immersive_weathering:spruce_bark":1,"minecraft:leather":4,"untamedwilds:hide_bear_black":2,"minecraft:filled_map":1,"simple_mobs:griffin_feather":1,"minecraft:gunpowder":2,"quark:limestone":7,"minecraft:dirt":820,"minecraft:paper":3,"minecraft:white_banner":3,"minecraft:leather_boots":1,"minecraft:bone":14,"untamedwilds:material_fat":8,"minecraft:bow":1,"minecraft:wheat_seeds":9,"minecraft:iron_ingot":1,"dannys_expansion:yellow_spores":2,"minecraft:glass_bottle":2,"minecraft:glowstone_dust":2,"minecraft:acacia_sapling":1,"hexerei:animal_fat":7,"minecraft:gravel":1,"untamedwilds:hide_bear_white":2,"epicfight:uchigatana":3,"minecraft:spruce_sapling":18,"minecraft:spruce_log":21,"minecraft:grass_block":1,"simple_mobs:blighted_meat":1,"minecraft:spruce_door":1,"minecraft:spider_eye":2,"waystones:waystone":1,"minecraft:iron_helmet":1,"minecraft:bread":3,"minecraft:emerald":9,"hunterillager:boomerang":1,"minecraft:black_wool":1,"minecraft:coal":31},"minecraft:killed_by":{"simple_mobs:dragon_flame":2,"minecraft:husk":2,"minecraft:player":2,"minecraft:spider":1,"minecraft:pillager":1,"minecraft:ravager":3,"simple_mobs:knight_2":1,"quest_giver:quest_guard_villager":2,"simple_mobs:vampire":2,"minecraft:vindicator":4,"minecraft:skeleton":2,"bloodandmadness:brainsucker":2,"minecraft:guardian":1,"minecraft:zombie":1,"simple_mobs:knight_3":1,"majruszsdifficulty:cursed_armor":2,"simple_mobs:dragon_lightning_breath":1,"simple_mobs:darkwerewolf":3,"bloodandmadness:silverbeast":2,"hunterillager:hunterillager":2,"minecraft:illusioner":1},"minecraft:broken":{"minecraft:golden_helmet":1,"minecraft:iron_shovel":1,"minecraft:leather_leggings":1,"minecraft:leather_chestplate":1,"minecraft:stone_pickaxe":2,"minecraft:iron_pickaxe":1},"minecraft:custom":{"lootr:looted_stat":16,"minecraft:mob_kills":98,"minecraft:interact_with_crafting_table":47,"minecraft:open_barrel":3,"minecraft:damage_dealt_resisted":831,"minecraft:leave_game":5,"minecraft:time_since_death":21933,"minecraft:climb_one_cm":12938,"champions:champion_mobs_killed":50,"minecraft:sprint_one_cm":1105803,"minecraft:walk_one_cm":2198117,"minecraft:drop":81,"minecraft:damage_dealt_absorbed":1555,"minecraft:talked_to_villager":3,"minecraft:play_time":397332,"minecraft:deaths":42,"minecraft:sneak_time":1840,"minecraft:walk_under_water_one_cm":68872,"minecraft:boat_one_cm":205779,"minecraft:jump":5135,"minecraft:walk_on_water_one_cm":130638,"minecraft:total_world_time":397332,"minecraft:interact_with_furnace":21,"minecraft:sleep_in_bed":2,"minecraft:time_since_rest":6143,"minecraft:waystone_activated":2,"minecraft:damage_taken":11018,"minecraft:damage_absorbed":147,"minecraft:damage_dealt":24854,"minecraft:swim_one_cm":91994,"minecraft:fly_one_cm":2297248,"minecraft:player_kills":1,"minecraft:open_chest":159,"minecraft:crouch_one_cm":11664,"minecraft:fall_one_cm":97779,"minecraft:inspect_dispenser":1,"minecraft:horse_one_cm":13450},"minecraft:crafted":{"minecraft:furnace":4,"magistuarmory:iron_shortsword":1,"minecraft:cooked_mutton":7,"magistuarmory:hilt":1,"quark:spruce_chest":3,"minecraft:deepslate":36,"minecraft:cooked_porkchop":10,"minecraft:baked_potato":1,"minecraft:iron_sword":1,"minecraft:spruce_door":3,"minecraft:copper_ingot":26,"minecraft:air":163,"epicfight:iron_tachi":1,"minecraft:iron_ingot":2,"minecraft:white_bed":1,"magistuarmory:leather_strip":6},"minecraft:killed":{"minecraft:witch":1,"minecraft:spider":5,"minecraft:vindicator":8,"minecraft:skeleton":5,"bloodandmadness:brainsucker":3,"hunterillager:hunterillager":2,"bloodandmadness:beast_patient":2,"simple_mobs:vampire":1,"minecraft:chicken":2,"minecraft:silverfish":3,"lilwings:painted_panther_butterfly":1,"simple_mobs:knight":2,"minecraft:husk":1,"bloodandmadness:silverbeast":1,"minecraft:pig":8,"dannys_expansion:floam":1,"simple_mobs:caped_minotaur":1,"minecraft:wandering_trader":2,"minecraft:ravager":3,"simple_mobs:knight_3":1,"minecraft:creeper":4,"minecraft:sheep":10,"untamedwilds:bear":2,"minecraft:trader_llama":4,"minecraft:pillager":5,"tinyskeletons:baby_skeleton":1,"minecraft:zombie":6,"untamedwilds:bison":1,"simple_mobs:knight_2":1}},"DataVersion":2975}