{"stats":{"minecraft:used":{"minecraft:stone_sword":69,"minecraft:spruce_slab":1,"minecraft:spruce_planks":151,"minecraft:shield":19,"minecraft:iron_sword":164,"minecraft:wooden_shovel":30,"minecraft:torch":5,"minecraft:dirt":19,"minecraft:spyglass":51,"minecraft:brick_slab":2,"minecraft:spruce_stairs":1,"minecraft:milk_bucket":2,"minecraft:wooden_axe":59,"minecraft:jungle_sapling":1,"minecraft:spruce_boat":2,"minecraft:dark_oak_planks":1,"minecraft:lava_bucket":7,"quark:spruce_chest":3,"minecraft:iron_axe":244,"minecraft:stone_bricks":2,"minecraft:bow":20,"magistuarmory:iron_claymore":3,"minecraft:furnace":1,"minecraft:oak_sapling":1,"minecraft:egg":2,"comforts:sleeping_bag_white":8,"minecraft:cooked_beef":12,"minecraft:potato":20,"minecraft:light_gray_bed":1,"minecraft:water_bucket":3,"minecraft:oak_planks":8,"minecraft:baked_potato":10,"minecraft:sugar_cane":4,"minecraft:jungle_boat":1,"minecraft:cracked_stone_bricks":1,"minecraft:crafting_table":14,"sophisticatedbackpacks:backpack":1,"minecraft:apple":29,"minecraft:bread":54,"minecraft:iron_pickaxe":148,"minecraft:suspicious_stew":1,"minecraft:enchanted_book":1,"minecraft:cobblestone":1,"minecraft:porkchop":6,"minecraft:white_banner":1,"minecraft:cooked_porkchop":1,"minecraft:bucket":11,"quark:oak_chest":1,"minecraft:coarse_dirt":10},"minecraft:dropped":{"minecraft:iron_sword":2,"minecraft:porkchop":4,"minecraft:wheat_seeds":1,"bloodandmadness:blood_vial":1,"minecraft:glass_bottle":2,"minecraft:crossbow":1,"minecraft:iron_helmet":2,"minecraft:apple":1,"minecraft:dirt":1,"simple_mobs:griffin_feather":1,"minecraft:mutton":8,"minecraft:iron_leggings":2,"minecraft:iron_axe":2,"minecraft:chainmail_leggings":1,"minecraft:paper":3,"minecraft:white_wool":1,"minecraft:spruce_sapling":3,"minecraft:redstone":14,"hexerei:animal_fat":2,"minecraft:spyglass":1,"minecraft:coarse_dirt":20,"minecraft:stone_sword":2,"minecraft:bowl":1,"minecraft:birch_sapling":1,"minecraft:rotten_flesh":4,"minecraft:iron_boots":2,"sophisticatedbackpacks:backpack":1,"minecraft:filled_map":4,"minecraft:poppy":1,"minecraft:leather_chestplate":2,"minecraft:potato":4,"minecraft:shield":1,"minecraft:spruce_planks":64,"minecraft:iron_chestplate":2,"minecraft:mossy_stone_bricks":7,"apotheosis:gem":2,"minecraft:acacia_sapling":3,"minecraft:wooden_shovel":1,"minecraft:leather_leggings":2,"minecraft:stone_bricks":2,"minecraft:beef":1,"minecraft:brick_slab":16},"minecraft:mined":{"minecraft:dark_oak_planks":1,"minecraft:spruce_planks":31,"minecraft:grass_block":25,"minecraft:light_gray_bed":1,"comforts:sleeping_bag_white":4,"minecraft:hay_block":8,"minecraft:furnace":1,"treechop:chopped_log":8,"minecraft:anvil":1,"minecraft:enchanting_table":1,"minecraft:vine":2,"minecraft:dirt_path":2,"minecraft:stone":1,"minecraft:iron_block":7,"supplementaries:book_pile":1,"minecraft:crafting_table":12,"minecraft:torch":2,"minecraft:poppy":1,"minecraft:copper_ore":12,"minecraft:tall_grass":2,"minecraft:sugar_cane":5,"minecraft:wall_torch":1,"minecraft:skeleton_skull":3,"minecraft:spruce_stairs":1,"minecraft:coarse_dirt":51,"minecraft:brick_slab":12,"minecraft:spruce_log":8,"minecraft:grass":7,"minecraft:coal_ore":34,"quark:spruce_chest":1,"minecraft:dirt":9,"minecraft:cobweb":1,"minecraft:cracked_stone_bricks":1,"minecraft:stone_bricks":4,"minecraft:mossy_stone_bricks":4,"minecraft:oak_leaves":5,"minecraft:infested_stone":1,"minecraft:fern":1},"minecraft:picked_up":{"minecraft:crafting_table":11,"minecraft:iron_chestplate":1,"minecraft:coarse_dirt":30,"minecraft:prismarine_shard":1,"minecraft:leather_leggings":1,"minecraft:enchanted_book":4,"minecraft:shield":2,"minecraft:string":2,"minecraft:raw_copper":42,"minecraft:iron_axe":2,"minecraft:iron_leggings":1,"bloodandmadness:blood_vial":2,"minecraft:cracked_stone_bricks":1,"quark:spruce_chest":1,"comforts:sleeping_bag_white":8,"minecraft:spruce_planks":92,"minecraft:beef":1,"minecraft:jungle_sapling":1,"minecraft:wooden_shovel":2,"minecraft:poppy":1,"minecraft:spruce_slab":1,"minecraft:sugar_cane":14,"minecraft:birch_sapling":1,"minecraft:iron_boots":1,"minecraft:furnace":1,"minecraft:egg":2,"minecraft:stick":7,"apotheosis:gem":2,"magistuarmory:iron_claymore":1,"minecraft:torch":3,"minecraft:spruce_stairs":1,"sophisticatedbackpacks:backpack":1,"minecraft:porkchop":10,"minecraft:redstone":7,"bloodandmadness:beastblood_clump":1,"minecraft:dark_oak_planks":1,"magistuarmory:jousting_leggings":1,"minecraft:stone_sword":1,"minecraft:arrow":5,"minecraft:light_gray_bed":1,"minecraft:rotten_flesh":4,"minecraft:hay_block":9,"minecraft:iron_block":7,"minecraft:saddle":2,"minecraft:mutton":10,"minecraft:skeleton_skull":3,"minecraft:white_wool":6,"minecraft:cobblestone":1,"minecraft:enchanting_table":1,"minecraft:leather_chestplate":1,"minecraft:jungle_log":9,"minecraft:leather":5,"minecraft:potato":4,"minecraft:filled_map":2,"paraglider:spirit_orb":1,"minecraft:oak_log":5,"simple_mobs:griffin_feather":1,"minecraft:dirt":20,"minecraft:white_banner":1,"simple_mobs:lootbag":1,"minecraft:bone":2,"minecraft:apple":1,"minecraft:stone_bricks":4,"minecraft:wheat_seeds":2,"minecraft:mossy_stone_bricks":7,"minecraft:glass_bottle":2,"minecraft:iron_sword":2,"minecraft:acacia_sapling":3,"hexerei:animal_fat":4,"minecraft:spyglass":1,"minecraft:spruce_sapling":15,"minecraft:spruce_log":41,"minecraft:brick_slab":18,"minecraft:iron_helmet":1,"minecraft:crossbow":1,"minecraft:emerald":9,"hunterillager:boomerang":4,"minecraft:oak_sapling":1,"minecraft:coal":34},"minecraft:killed_by":{"simple_mobs:dragon_flame":1,"minecraft:player":1,"simple_mobs:dark_elemental":1,"minecraft:vindicator":2,"minecraft:skeleton":1,"simple_mobs:knight_3":1,"simple_mobs:darkwerewolf":1,"hunterillager:hunterillager":1},"minecraft:custom":{"lootr:looted_stat":14,"minecraft:mob_kills":50,"minecraft:interact_with_crafting_table":38,"minecraft:open_barrel":7,"minecraft:bell_ring":2,"minecraft:damage_dealt_resisted":882,"minecraft:leave_game":5,"minecraft:time_since_death":36043,"minecraft:climb_one_cm":8650,"champions:champion_mobs_killed":37,"minecraft:sprint_one_cm":675782,"minecraft:walk_one_cm":1445140,"minecraft:damage_blocked_by_shield":842,"minecraft:drop":75,"minecraft:damage_dealt_absorbed":466,"minecraft:talked_to_villager":1,"minecraft:sneak_time":10033,"minecraft:play_time":279577,"minecraft:deaths":13,"minecraft:walk_under_water_one_cm":16456,"minecraft:boat_one_cm":3288,"minecraft:jump":5792,"minecraft:walk_on_water_one_cm":45445,"minecraft:total_world_time":279577,"minecraft:interact_with_furnace":18,"minecraft:raid_trigger":1,"minecraft:sleep_in_bed":15,"minecraft:time_since_rest":18252,"minecraft:waystone_activated":3,"minecraft:damage_taken":6184,"minecraft:damage_dealt":13400,"minecraft:swim_one_cm":46994,"minecraft:fly_one_cm":2310755,"minecraft:player_kills":2,"minecraft:open_chest":52,"minecraft:crouch_one_cm":26331,"minecraft:fall_one_cm":127454},"minecraft:broken":{"minecraft:leather_helmet":1,"minecraft:iron_axe":1,"minecraft:leather_boots":1,"minecraft:wooden_axe":1},"minecraft:crafted":{"minecraft:cooked_mutton":5,"quark:spruce_chest":1,"minecraft:cooked_porkchop":1,"minecraft:baked_potato":3,"minecraft:copper_ingot":16,"minecraft:air":475,"minecraft:iron_ingot":9,"minecraft:gold_ingot":4,"minecraft:torch":12},"minecraft:killed":{"untamedwilds:hyena":1,"bloodandmadness:cloaked_beast_patient":2,"minecraft:vindicator":21,"minecraft:skeleton":1,"minecraft:guardian":1,"bloodandmadness:beast_patient":1,"goblinsanddungeons:garch":1,"minecraft:silverfish":1,"simple_mobs:gryphon":1,"minecraft:pig":3,"untamedwilds:terror_bird":1,"minecraft:ravager":1,"dannys_expansion:ghoul":2,"minecraft:sheep":4,"minecraft:pillager":3,"tinyskeletons:baby_skeleton":1,"minecraft:zombie":3,"simple_mobs:gob":1,"minecraft:cow":6}},"DataVersion":2975}